Text,True_Label,Predicted_Label
oh right ok ill make sure load work day got really nasty cough today dry n shot really help,0,0
tirupur call da,0,0
mean fat head,0,0
1000 cash 2000 prize claim call09050000327,1,1
come aftr ltdecimalgt cleaning house,0,0
friendship poem dear dear u r near hear dont get fear live cheer tear u r always dear gud ni8,0,0
wot wed nite 3 til 9,0,0
dont talk ever ok word,0,0
congrats kanowhr treat maga,0,0
eh u remember 2 spell name yes v naughty make v wet,0,0
sorry ill call later,0,0
cool last little getting time soon,0,0
k sent,0,0
ok lor early still project meeting,0,0
iû÷ll look frying pan case itû÷s cheap book perhaps thatû÷s silly frying pan isnû÷t likely book,0,0
ask keep one maybe thats didnt get message sent glo,0,0
therere people mu im table lambda,0,0
oh kim watching,0,0
need coffee run tomocant believe time week already,0,0
derp worse dude always want party dude file complaint three drug abuser life,0,0
still around could use half8th,0,0
didnt holla,0,0
left already orchard,0,0
unsubscribed service get ton sexy babe hunk straight phone go httpgotbabescouk subscription,1,0
friendship poem dear dear u r near hear dont get fear live cheer tear u r always dear gud ni8,0,0
yeh indian nice tho kane bit shud go 4 drink sometime soon mite hav 2 go 2 da work 4 laugh soon love pete x x,0,0
sorry ill call later,0,0
alright ill head minute text meet,0,0
yep dereks house see sunday lt3,0,0
goodo yes must speak friday eggpotato ratio tortilla needed,0,0
much eighth,0,0
time week ryan,0,0
fffff text kadeem far gone,0,0
yeah dont see,0,0
hi roger cl,0,0
wan na get laid 2nite want real dogging location sent direct ur mobile join uk largest dogging network txt park 69696 nyt ec2a 3lp å£150msg,1,1
k ill head min see,0,0
coming friday leave pongaldo get news work place,0,0
ìï send content page,0,0
oh fine ill tonight,0,0
want 750 anytime network min 150 text new video phone five pound per week call 08000776320 reply delivery tomorrow,1,1
yes innocent fun,0,0
v nice 2 sheffield tom 2 air opinion category 2 b used 2 measure ethnicity next census busy transcribing,0,0
haha figure well found piece priscillas bowl,0,0
freemsg hey darling 3 week word back id like fun still tb ok xxx std chgs send å£150 rcv,1,1
making easy pay back ltgt yr say pay back earlier get,0,0
xam hall boy asked girl tell starting term dis answer den manage lot hesitation n lookin around silently said intha ponnungale ipaditan,0,0
like hotel dusk game think solve puzzle area thing,0,0
meeting ì rite ill go home lor ì dun feel like comin ok,0,0
working ringing u thing whole houseful screaming brat pulling hair loving u,0,0
dunno lei shd b driving lor co go sch 1 hr oni,0,0
ok leave need ask,0,0
yes watching footie worried going blow phil neville,0,0
lol forgot eh yes ill bring babe,0,0
little darling far week need coffee run tomocant believe time week already û,0,0
kallis dismissial 2nd test,0,0
per request melle melle oru minnaminunginte nurungu vettam set callertune caller press 9 copy friend callertune,0,0
good afternoon babe go day job prospect yet miss love sigh,0,0
ok,0,0
either idea know anyplaces something,0,0
3 pa selected,0,0
love u 2 babe r u sure everything alrite idiot txt bak girlie,0,0
strange watching 2nd one im bed sweet dream miss u,0,0
yo guy ever figure much need alcohol jay trying figure much safely spend weed,0,0
aathiwhere dear,0,0
urgent mobile awarded å£2000 bonus caller prize 10803 2nd attempt contact call 08714719523 box95qu bt national rate,1,1
uncle abbey happy new year abiola,0,0
today voda number ending 7634 selected receive å£350 reward match please call 08712300220 quoting claim code 7684 standard rate apply,1,1
cool ill text,0,0
going take babe,0,0
yay cant wait party together,0,0
fun fact although would think armand would eventually build tolerance shit considering much smoke get fucked like 2 hit,0,0
good afternoon loverboy go day luck come way think sweetie send love across sea make smile happy,0,0
dare ask luck sorting car,0,0
oh well c u later,0,0
part checking iq,0,0
sure since parent working tuesday dont really need cover story,0,0
ive called hoping l8r malaria know miss guy miss ban big pls give love especially great day,0,0
ho ho big belly laugh see ya tomo,0,0
msg r time passthey silently say thinking u right also making u think least 4 moment gd ntswt drms shesil,0,0
new theory argument win situation loses person dont argue ur friend kick amp say im always correct,0,0
thx well month,0,0
also track lighter find,0,0
guess somebody know secretly fancy wan na find give u call 09065394514 landline datebox1282essexcm61xn 150pmin 18,1,1
dear reached railway happen,0,0
aah cuddle would lush id need lot tea soup kind fumbling,0,0
lol ok ill snatch purse,0,0
checked heading drop stuff,0,0
yup ì comin,0,0
sm auction brand new nokia 7250 4 auction today auction free 2 join take part txt nokia 86021 hgsuite3422lands roww1j6hl,1,1
yeah usual guy town therere definitely people around know,0,0
great p diddy neighbor come toothpaste every morning,0,0
u guy never invite anywhere,0,0
im putting ready lttimegt,0,0
guaranteed å£1000 cash å£2000 prize claim yr prize call customer service representative 08714712379 10am7pm cost 10p,1,1
one day crab running sea shorethe wave came n cleared footprint crab crab asked frnd r u clearing beautiful footprint wave replied fox following ur footprint catch thats cleared frndsship never let u dwn gud nyt,0,0
place want da,0,0
dear umma called,0,0
lol trying make day little interesting,0,0
anytime,0,0
great never better day give even reason thank god,0,0
sorry ill call later,0,0
ok enjoy r u home,0,0
oh ya got hip hop open haha thinking go jazz zoom cine actually tonight im free leh there kb lesson tonight,0,0
know friend already told,0,0
impossible argue always treat like sub like never released remind necessary,0,0
check error difficulty correction,0,0
sell well ton coin sell coin someone thru paypal voila money back life pocket,0,0
twenty past five said train durham already coz reserved seat,0,0
he adult would learn experience there real danger dont like peep using drug dont need comment,0,0
2 celebrate båõday else,0,0
said ì dun haf passport smth like dat ì juz send email account,0,0
lol thats different dont go trying find every real life photo ever took,0,0
carlos pick ill swing usf little bit,0,0
aight text tonight well see whats,0,0
ill text carlos let know hang,0,0
didnt mean post wrote like many time ive ritten stuff let sit feeling time angry left hit send stop wasnt checked phone got car wasnt said didnt sleep bored wouldnt time clean fold laundry etc least make bed,0,0
make baby yo tho,0,0
ok lor,0,0
use foreign stamp country,0,0
wat make u thk ill fall actually thk im quite prone 2 fall lucky dad home ask come n fetch already,0,0
yes possible dint try pls dont tell one k,0,0
dear voucher holder 2 claim 1st class airport lounge pass using holiday voucher call 08704439680 booking quote 1st class x 2,1,1
talk sexy make new friend fall love world discreet text dating service text vip 83110 see could meet,1,1
probs hon u doinat mo,0,0
u think girl propose u today seing ur bloody funky shit fucking faceasssssholeeee,0,0
sexy sexy cum text im wet warm ready porn u fun msg free recd msg 150p inc vat 2 cancel text stop,1,1
win winner mr foley ipod exciting prize soon keep eye ur mobile visit wwwwin82050couk,1,1
many people seems special first sight remain special till last sight maintain till life end shjas,0,0
got got 2 colour lor one colour quite light n e darker lor actually im done shes styling hair,0,0
lol would awesome payback,0,0
well great weekend,0,0
fujitsu series lifebook good,0,0
forwarded 88877free entry å£250 weekly comp send word enter 88877 18 tc wwwtextcompcom,1,1
chikku nt yet ya im free,0,0
call,0,0
dont worry 1 day big lambu ji vl cometil enjoy batchlor party,0,0
k might come tonight class let early,0,0
photoshop make computer shut,0,0
hey hey werethe monkeespeople say monkeyaround howdy gorgeous,0,0
darren saying dat u meeting da ge den dun meet 4 dinner co later u leave xy feel awkward den u meet 4 lunch lor,0,0
ugh hopefully asus ppl dont randomly reformat,0,0
use soc use home ìï dunno 2 type word ar,0,0
think steyn surely get one wicket,0,0
taste fish curry p,0,0
ive sent ì part,0,0
oh send address,0,0
ok dear call chechi,0,0
jot thing want remember later,0,0
ok would b lovely u r sure think wot u want drinkin dancin eatin cinema u wot,0,0
feel always happy slowly becomes habit amp finally becomes part life follow happy morning amp happy day,0,0
10 min later k,0,0
havent still waitin usual ìï come back sch oredi,0,0
kdo evening daurgent,0,0
vl bcum difficult,0,0
crucify c told earlier,0,0
full heat pa applyed oil pa,0,0
always make thing bigger,0,0
course math one day one chapter one month finish,0,0
dont search love let love find u thats called falling love bcoz u dont force u fall u know smeone hold u bslvyl,0,0
oic better quickly go bathe n settle,0,0
oh come ah,0,0
sex ur mobile free sexy pic jordan text babe 88600 every wk get sexy celeb pocketbabecouk 4 pic 16 å£3wk 087016248,1,1
545 lor ya go 4 dinner together,0,0
oops thk dun haf enuff go check tell ì,0,0
hi ur lookin 4 saucy daytime fun wiv busty married woman free next week chat 2 sort time 09099726429 janinexx callså£1minmobsmorelkpobox177hp51fl,1,0
u want 2 meet 2morro,0,0
smile pleasure smile pain smile trouble pours like rain smile sum1 hurt u smile becoz someone still love see u smiling,0,0
80488 500 free text message valid 31 december 2005,1,1
dai ltgt naal eruku,0,0
said u mind go bedroom minute ok sed sexy mood came 5 minuts latr wid caken wife,0,0
good day toopray meremove teeth painful maintaining stuff,0,0
sent type food like,0,0
norm tomorrow finish 415 co st test need sort library stuff point tomo got letter today access til end march better get move,0,0
call da waiting call,0,0
problem talk later,0,0
pls give food preferably pap slowly load sugar take hour give water slowly,0,0
whore unbelievable,0,0
carry disturbing,0,0
ya srsly better yi tho,0,0
aight time want come,0,0
hahahause brain dear,0,0
aight text address,0,0
lol knew saw dollar store,0,0
babe talking think good boy missing love,0,0
2nd attempt contract u week top prize either å£1000 cash å£200 prize call 09066361921,1,1
lol yeah point guess,0,0
waiting call,0,0
ok ok take care understand,0,0
yep great loxahatchee xmas tree burning ltgt start hour,0,0
fyi im taking quick shower epsilon like ltgt min,0,0
come right ahmad,0,0
opinion 1 2 jada 3 kusruthi 4 lovable 5 silent 6 spl character 7 matured 8 stylish 9 simple pls reply,0,0
also wheres piece,0,0
hello wats talk email address,0,0
u r beautiful girl ive ever seen u r baby come c common room,0,0
ringtoneking 84484,1,0
nothing got msg frm tht unknown,0,0
dont prize go another customer tc wwwtcbiz 18 150pmin polo ltd suite 373 london w1j 6hl please call back busy,1,1
id check there like 1 bowl worth left,0,0
good word word may leave u dismay many time,0,0
wonder phone battery went dead tell love babe,0,0
hi hun im comin 2nitetell every1 im sorry 4 hope u ava goodtimeoli rang melnite ifink mite b sortedbut il explain everythin monl8rsx,0,0
alright took morphine back yo,0,0
sm service inclusive text credit pls gotto wwwcomuknet login 3qxj9 unsubscribe stop extra charge help 08702840625 comuk220cm2 9ae,1,1
wah okie okie muz make use e unlimited haha,0,0
dont think spatula hand,0,0
free entry å£250 weekly comp send word enter 84128 18 tc wwwtextcompcom cust care 08712405020,1,1
keep ten r shelf buy two egg,0,0
smith waste dai wan na gayle,0,0
still customer place,0,0
hi darlin youphone im athome youwanna chat,0,0
zoe hit 2 im fucking shitin il defo try hardest 2 cum 2morow luv u million lekdog,0,0
loan purpose å£500 å£75000 homeowner tenant welcome previously refused still help call free 0800 1956669 text back help,1,1
1st wk free gr8 tone str8 2 u wk txt nokia 8007 classic nokia tone hit 8007 polys nokia150p poly200p 16,1,1
ya im referin mei ex wat ah waitin 4 u treat somebody shld b rich liaoso gd den u dun work frm tmr onwards,0,0
urgent mobile number awarded å£2000 prize guaranteed call 09061790126 land line claim 3030 valid 12hrs 150ppm,1,1
guaranteed å£200 award even å£1000 cashto claim ur award call free 08000407165 18 2 stop getstop 88222 php rg21 4jx,1,1
sent ur email id soon,0,0
sorry missed call let talk time im 07090201529,1,0
dont shall buy one dear,0,0
hello damn christmas thing think decided keep mp3 doesnt work,0,0
call germany 1 penny per minute call fixed line via access number 0844 861 85 85 prepayment direct access wwwtelediscountcouk,1,1
hm good morning headache anyone,0,0
could seen mei didt recognise face,0,0
nothing meant money enters account bank remove flat rate someone transfered ltgt account ltgt dollar got removed bank differ charge also differbe sure trust 9ja person sending account detail co,0,0
gon na let know co come bak holiday day coming dont4get2text number,0,0
officewhats mattermsg nowi call break,0,0
tessypls favor pls convey birthday wish nimyapls dnt forget today birthday shijas,0,0
1 dont number 2 gon na massive pain as id rather get involved thats possible,0,0
fine remember,0,0
winner valued network customer hvae selected receive å£900 reward collect call 09061701444 valid 24 hour acl03530150pm,1,1
rock yr chik get 100 filthy film xxx pic yr phone rply filth 69669 saristar ltd e14 9yt 08701752560 450p per 5 day stop2 cancel,1,0
pussy perfect,0,0
havent,0,0
latest news police station toilet stolen cop nothing go,1,0
rose redred bloodblood heartheart u u send ti ur friend including u like u get back 1u r poor relation 2u need 1 support 3u r frnd 2 many 4some1 luvs u 5 some1 praying god marry u try,0,0
ok help ask shes working tmr,0,0
im smoking people use wylie smoke much justify ruining shit,0,0
reverse cheating mathematics,0,0
im leaving house,0,0
sorry uncle ill keep touch,0,0
sunshine quiz win super sony dvd recorder canname capital australia text mquiz 82277 b,1,0
problem spending lot quality time together,0,0
luton 0125698789 ring ur around h,0,0
e best 4 ur driving tmr,0,0
yeah right ill bring tape measure fri,0,0
unique user id 1172 removal send stop 87239 customer service 08708034412,1,1
networking technical support associate,0,0
sorry battery died yeah im,0,0
thank u better work cause feel used otherwise,0,0
ok tell stay yeah tough optimistic thing improve month,0,0
way,0,0
next month get upto 50 call 4 ur standard network charge 2 activate call 9061100010 c wire3net 1st4terms pobox84 m26 3uz cost å£150 min mobcudb,1,0
know result,0,0
new car house parentsi new job hand,0,0
thanx,0,0
like personal sized,0,0
eerie nokia tone 4u rply tone title 8007 eg tone dracula 8007 title ghost addamsfa munsters exorcist twilight wwwgetzedcouk pobox36504w45wq 150p,1,1
ffffffffff alright way meet sooner,0,0
want kfc tuesday buy 2 meal 2 gravy 2 mark 2,0,0
people game im mall iouri kaila,0,0
much buzy,0,0
good afternoon starshine hows boytoy crave yet ache fuck sip cappuccino miss babe teasing kiss,0,0
im serious money base,0,0
themobhit link get premium pink panther game new 1 sugababes crazy zebra animation badass hoody wallpaperall 4 free,1,1
nah dont think go usf life around though,0,0
urgent mobile awarded å£2000 bonus caller prize 020903 2nd attempt contact call 08718729755 box95qu,1,1
fine miss much,0,0
wan na gym harri,0,0
wait till end march el nino get oh,0,0
congrats 2 mobile 3g videophones r call 09063458130 videochat wid ur mate play java game dload polyph music noline rentl bx420 ip4 5we 150p,1,1
probably come everybodys done around ltgt right,0,0
yup thk r e teacher said make face look longer darren ask 2 cut short,0,0
check maili mailed varma kept copy regarding membershiptake careinsha allah,0,0
hi darlin kate u doin somethin tonight im going pub called swan something parent one drink phone u,0,0
dai da send resume id,0,0
thank way lost,0,0
called one pick e phone ask already said ok,0,0
dunno jus say go lido time 930,0,0
yup havent want go yoga call book,0,0
oh fuck sake shes like tallahassee,0,0
k k watch film,0,0
lov line hurt truth,0,0
urgent trying contact u today draw show å£800 prize guaranteed call 09050001295 land line claim a21 valid 12hrs,1,1
k ill drinkpa need sr model pls send mail id pa,0,0
come mahal bus stop ltdecimalgt,0,0
plan manage,0,0
bloomberg message center 447797706009 wait apply future httpcareers bloombergcom,1,1
call 08702490080 tell u 2 call 09066358152 claim å£5000 prize u 2 enter ur mobile personal detail prompt careful,1,1
dad get back,0,0
iû÷ll leave around four ok,0,0
come slave going shell unconsciously avoiding making unhappy,0,0
come get b quite diff guess rite,0,0
come ur home,0,0
u got person story,0,0
free polyphonic ringtone text super 87131 get free poly tone week 16 sn pobox202 nr31 7zs subscription 450pw,1,1
okay booked already including one bugis,0,0
searching good dual sim mobile pa,0,0
oh god happy see message 3 day,0,0
also know lunch menu da know,0,0
ur face test 1 2 3 4 5 6 7 8 9 ltgt select number tell ur face astrology waiting quick reply,0,0
whens radio show,0,0
r ì going 4 today meeting,0,0
reach ur home ltgt minute,0,0
age hows abj,0,0
dear 0776xxxxxxx uve invited xchat final attempt contact u txt chat 86688 150pmsgrcvdhgsuite3422landsroww1j6hl ldn 18yrs,1,1
cant pick phone right pls send message,0,0
hey u fancy meetin 4 cha åð hav lil beverage txt ring meet l8r quite tired got 3 vpist love pete x x x,0,1
said gon na snow start around 8 9 pm tonite predicting inch accumulation,0,0
ok ur typical reply,0,0
ya toldshe asking wats matter,0,0
neshanthtel r u,0,0
asking u knw nt may ur frnds classmate,0,0
might come kerala 2 daysso prepared take leave finalise dont plan travel visitneed finish urgent work,0,0
pick ur fone u dumb,0,0
want bold 2 bb torch,0,0
need go get,0,0
dear mood cant drive brother drive,0,0
r ì going send,0,0
ew one,0,0
think rule tamilnaduthen tough people,0,0
u coming back 4 dinner rite dad ask confirm wif u,0,0
hcl chennai requires fresher voice processexcellent english neededsalary upto ltgt call mssuman ltgt telephonic interview via indyarockscom,0,0
whenever see still hook,0,0
x course 2yrs message messenger lik r sending,0,0
hi 07734396839 ibh customer loyalty offer new nokia6600 mobile å£10 txtauctiontxt wordstart no81151 get now4t,1,1
ou guaranteed latest nokia phone 40gb ipod mp3 player å£500 prize txt word collect 83355 ibhltd ldnw15h 150pmtmsgrcvd18,1,1
also da feel yesterday night wait til 2day night dear,0,0
im eatin lor goin back work soon e mountain deer show huh watch b4 liao nice,0,0
santha num corrct dane,0,0
think iû÷m waiting bus inform get ever get,0,0
tunde wishing great day abiola,0,0
sure dont mean get,0,0
kkits goodwhen going,0,0
emigrated something ok maybe 530 bit hopeful,0,0
goin workout lor muz lose e fat,0,0
lol great im getting hungry,0,0
love holiday monday feeling even go dentist hour,0,0
probably earlier station think,0,0
he apparently bffs carly quick,0,0
remains bro amongst bros,0,0
case wake wondering forgot take care something grandma today done parade,0,0
rajipls favour pls convey birthday wish nimya pls today birthday,0,0
sometimes put wall around heartsnot safe getting hurt find care enough break wall amp get closer goodnoon,0,0
gr8 see message r u leaving congrats dear school wat r ur plan,0,0
say happen,0,0
dint come u,0,0
also remember get dobbys bowl car,0,0
happy new year no1 man,0,0
sleepingand surfing,0,0
friend got say he upping order gram he got ltgt get,0,0
hey mate hows u honeydid u ave good holiday gimmi de gossx,0,0
crazy ar he married ìï like gd looking guy frens like say he korean leonas fave dun thk aft thinking mayb prob ill go,0,0
e msg jus u said thanks gift,0,0
mmmmm loved waking word morning miss love hope day go well happy wait u together,0,0
yeah probably still got ta check leo,0,0
bought one ringtone getting text costing 3 pound offering tone etc,1,1
aight plan come later tonight,0,0
yeah wouldnt leave hour least hows 4 sound,0,0
usual u call ard 10 smth,0,0
please call customer service representative freephone 0808 145 4742 9am11pm guaranteed å£1000 cash å£5000 prize,1,1
romantic paris 2 night 2 flight å£79 book 4 next year call 08704439680tscs apply,1,0
645,0,0
juz havent woke bit blur blur dad went liao cant cum oso,0,0
hiya comin 2 bristol 1 st week april le got rudi new yr eve snoringthey drunk u bak college yet work sends ink 2 bath,0,0
customer loyalty offerthe new nokia6650 mobile å£10 txtauction txt word start 81151 get 4tctxt tc 150pmtmsg,1,1
hey pple700 900 5 nightsexcellent location wif breakfast hamper,0,0
u coming 2 pick,0,0
got tv 2 watch meh u work today,0,0
aiyo co sm ì ì neva reply wait 4 ì reply lar tot ì havent finish ur lab wat,0,0
first gained ltgt kg since took second done blood sugar test ok blood pressure within normal limit worry,0,0
great escape fancy bridge need lager see tomo,0,0
short cute good person,0,0
5 2 work timing,0,0
said matter mind saying matter,0,0
sorry ill call later,0,0
dont wait til least wednesday see get,0,0
guess could good excuse lol,0,0
know girl always safe selfish know got pa thank good night,0,0
much r ì willing pay,0,0
ur going 2 bahamas callfreefone 08081560665 speak live operator claim either bahamas cruise ofå£2000 cash 18only opt txt x 07786200117,1,1
sun ah thk mayb dun anythin thk book e lesson e pilate orchard mrt u noe hor,0,0
remember day,0,0
dear ok,0,0
u dun drive go 2 sch,0,0
tell pa pain de,0,0
wat time ì finish,0,0
prabhaim sorydarealyfrm heart im sory,0,0
check wid corect speling ie sarcasm,0,0
sac score big hundredhe set batsman,0,0
congrats treat pendingi mail 2 dayswill mail thrurespect mother homecheck mail,0,0
heehee funny tho,0,0
eerie nokia tone 4u rply tone title 8007 eg tone dracula 8007 title ghost addamsfa munsters exorcist twilight wwwgetzedcouk pobox36504w45wq 150p,1,1
dont make ne plan nxt wknd coz want u come ok,0,0
effect irritation ignore,0,0
cause im freaky lol,0,0
cant wait see photo useful,0,0
tiwary rcbbattle bang kochi,0,0
2 laptop noe infra slow lar wan fast one,0,0
yup remb think book,0,0
ok shall talk,0,0
id onluy matter getting offcampus,0,0
ard 4 lor,0,0
k make sense btw carlos difficult guy gon na smoke go pick second batch get gas,0,0
lovely night wake see message hope smile knowing great morning,0,0
ìï takin linear algebra today,0,0
oh howda gud gud mathe en samachara chikku,0,0
hey anyway,0,0
cps causing outage conserve energy,0,0
good morning princess,0,0
wah lucky man save money hee,0,0
long time remember today,0,0
good morning dear great amp successful day,0,0
k still loving,0,0
hate turn fun shopping trip annoying day everything would look house,0,0
hi probably much fun get message thought id txt u co im bored james farting night,0,0
ultimately tor motive tui achieve korli,0,0
u get 2 phone wan na chat 2 set meet call 09096102316 u cum 2moro luv jane xx callså£1minmoremobsemspobox45po139wa,1,0
en chikku nange bakra msg kalstiyathen teacoffee,0,0
hey angry reply dr,0,0
free today haf 2 pick parent tonite,0,0
happened interview,0,0
dear denying word please,0,0
hi yijue regarding 3230 textbook intro algorithm second edition im selling 50,0,0
sorry cant help,0,0
haha awesome omw back,0,0
take didnt phone callon friday assume wont year,0,0
telling tell one treat hi hi hi,0,0
hey babe far 2 spunout 2 spk da mo dead 2 da wrld sleeping da sofa day,0,0
december mobile 11mths entitled update latest colour camera mobile free call mobile update co free 08002986906,1,1
rat hey u ever vote next theme,0,0
im coming home 4 dinner,0,0
hi babe jordan r u im home abroad lonely text back u wan na chat xxsp visionsmscom text stop stopcost 150p 08712400603,1,1
stop however suggest stay someone able give or every stool,0,0
horrible gal sch stuff come u got mc,0,0
kind took garage centre part exhaust need replacing part ordered n taking fixed tomo morning,0,0
yes da plm ur office,0,0
liked new house,0,0
1 new voicemail please call 08719181513,1,1
im home love still awake loving kiss,0,0
yeah like go like friend imma flip shit like half hour,0,0
eat shit wait ur monkey face bitch u asshole,0,0
7 esplanade ì mind giving lift co got car today,0,0
picking various point going 2 yeovil motor project 4 3 hour u take home 12 2 530 max easy,0,0
dude ive seeing lotta corvette lately,0,0
yunny im walking citylink ì faster come hungry,0,0
k call ah,0,0
height confidence aeronautics professor wer calld amp wer askd 2 sit aeroplane aftr sat wer told dat plane w made student dey hurried plane bt 1 didnt move saidif made student,0,0
get official england poly ringtone colour flag yer mobile tonight game text tone flag 84199 optout txt eng stop box39822 w111wx å£150,1,1
unlimited text limited minute,0,0
man bus slow think youre gon na get,0,0
love come took long leave zahers got word ym happy see sad left miss,0,0
buy blackberry bold 2 torch buy new used let know plus saying buy ltgt g wifi ipad saying ltgt g,0,0
claim 200 shopping spree call 08717895698 mobstorequiz10ppm,1,1
lastest stereophonics marley dizzee racal libertine stroke win nookii game flirt click themob wap bookmark text wap 82468,1,1
go home first lar ì wait 4 lor put stuff first,0,0
hello beautiful r u ok ive kinda ad row wiv walked pub wanted night wiv u miss u,0,0
hi di yijue meeting 7 pm esaplanade tonight,0,0
cant describe lucky im actually awake noon,0,0
cme want go ho 2morow wil cme got dear didnt say time,0,0
worry hope photo shoot went well spiffing fun workage,0,0
hey reply pa,0,0
hi harishs rent transfred ur acnt,0,0
sorry took long omw,0,0
place man,0,0
know taj mahal symbol love lesser known fact 1 mumtaz shahjahans 4th wife 7 wife 2 shahjahan killed mumtazs husband marry 3 mumtaz died ltgt th delivery 4 married mumtazs sister question arises hell love great hari,0,0
people dogging area call 09090204448 join like minded guy arrange 1 there 1 evening aå£150 minapn ls278bb,1,0
kkwhy cant come search job,0,0
forgot working today wan na chat thing ok drop text youre free bored etc ill ring hope well nose essay xx,0,0
babe miiiiiiissssssssss need crave geeee im sad without babe love,0,0
aight thatll work thanks,0,0
reckon need town eightish walk carpark,0,0
hi wkend ok journey terrible wk good huge back log marking,0,0
nah im perpetual dd,0,0
coming day class,0,0
big chic common declare,0,0
actually getting ready leave house,0,0
sale arsenal dartboard good condition double treble,1,0
think go honesty road call bank tomorrow tough decision make u great people,0,0
hello love went day alright think sweet send jolt heart remind love hear screamed across sea world hear ahmad al hallaq loved owned possessive passionate kiss,0,0
dunno lei ì decide lor abt leona oops tot ben going n msg,0,0
weekly coolmob tone ready download week new tone include 1 crazy frogaxel f 2 akonlonely 3 black eyeddont p info n,1,1
im still pretty weak today bad day,0,0
ok juz receive,0,0
sbut luck2 catch put,0,0
still looking job much ta earn,0,0
shant disturb u anymore jia,0,0
got room soon û hadnt put clock back til 8 shouted everyone get realised 7 wahay another hour bed,0,0
havent shopping lor juz arrive,0,0
dude whats teresa hope okay didnt hear people called received package since dec ltgt thot yould like know fantastic year best reading plus really really bam first aid usmle work done,0,0
send someone else,0,0
hi jon pete ive bin 2 spain recently hav sum dinero left bill said u ur åôrents mayb interested hav 12000pes around å£48 tb james,0,0
yar quite clever aft many guess lor got ask 2 bring thk darren willing 2 go aiya thk leona still attach wat,0,0
thats haf combine n c lor,0,0
deam seeing online shop asked,0,0
yes last practice,0,0
ya well fine bbdpooja full pimpleseven become quite blackand ur rite cold wearing sweatter,0,0
class hour sorry,0,0
quite lor dun tell wait get complacent,0,0
want sent ltgt mesages today thats sorry hurt,0,0
askd u question hour answer,0,0
haha leg neck killing amigo hoping end night burn think could swing like hour,0,0
k sent,0,0
dunno dad said coming home 2 bring u 4 lunch yup go w u lor call u reach school lor,0,0
good baby,0,0
watching cartoon listening music amp eve go temple amp church u,0,0
friend help u problem give stupid suggestion land u another problem help u forgt previous problem,0,0
nothing ok anyway give treat,0,0
thanx yup coming back sun finish dinner going back 2 hotel time fly tog 4 exactly mth today hope well haf many mths come,0,0
happy valentine day know early hundred handsomes beauty wish thought finish aunty uncle 1st,0,0
new textbuddy chat 2 horny guy ur area 4 25p free 2 receive search postcode gaytextbuddycom txt one name 89693 08715500022 rpl stop 2 cnl,1,1
er mw im filled tuth aight,0,0
message phone im holding,0,0
okay soon best,0,0
dear free message without recharge hi hi hi,0,0
call meet,0,0
dont let studying stress l8r,0,0
ìï called dad oredi,0,0
gud mrng dear hav nice day,0,0
although told u dat im baig face watch really like e watch u gave co fr u thanx 4 everything dat uve done today im touched,0,0
im workin get job,0,0
guess useless calling u 4 something important,0,0
phone weirdest auto correct,0,0
got c lazy type forgot ì lect saw pouch like v nice,0,0
todaysundaysunday holidayso work,0,0
nonenowhere ikno doesdiscountshitinnit,0,0
sorry got late start way,0,0
shore takin bus,0,0
camera quite good 101mega pixel 3optical 5digital doom lovely holiday safe hope hav good journey happy new year see couple week,0,0
ok feel like john lennon,0,0
escape theatre going watch kavalan minute,0,0
call number available appointment ask connect call waheed fathima,0,0
love one law make happy person love way friendship one law never make ur friend feel alone alive gud night,0,0
cool text youre parked,0,0
sm service inclusive text credit pls goto wwwcomuknet login 3qxj9 unsubscribe stop extra charge help 08702840625comuk 220cm2 9ae,1,1
urgent mobile number awarded å£2000 prize guaranteed call 09061790121 land line claim 3030 valid 12hrs 150ppm,1,1
1 nokia tone 4 ur mob every week txt nok 87021 1st tone free get txtin tell ur friend 150ptone 16 reply hl 4info,1,1
computer fried essential part dont keep spare fucking idiot roommate looovvve leaving thing running full ltgt 7,0,0
id like tell deepest darkest fantasy call 09094646631 60pmin stop text call 08712460324 nat rate,1,1
lmao wheres fish memory need,0,0
need 8th im campus atm could pick hour two,0,0
nope im going home go pump petrol lor like going 2 rain soon,0,0
get ur 1st ringtone free reply msg tone gr8 top 20 tone phone every week å£150 per wk 2 opt send stop 08452810071 16,1,1
got tallent wasting,0,0
ok,0,0
today accept dayu accept brother sister lover dear1 best1 clos1 lvblefrnd jstfrnd cutefrnd lifpartnr belovd swtheart bstfrnd rply mean enemy,0,0
ok,0,0
gas station like block away house youll drive right since armenia end swann take howard,0,0
hope alright babe worry might felt bit desparate learned job fake waiting come back love,0,0
discussed mother ah,0,0
nice new shirt thing wear nudist themed mu,0,0
guess ltgt min,0,0
okie,0,0
sen told going join uncle finance cbe,0,0
st andre virgil cream,0,0
ya ì taking ure practical lesson start june,0,0
private 2003 account statement 07973788240 show 800 unredeemed point call 08715203649 identifier code 40533 expires 311004,1,1
babe love cover face kiss,0,0
yep fine 730 830 ice age,0,0
lol yes friendship hanging thread cause u wont buy stuff,0,0
dont forget owns who private property good boy always passionate kiss,0,0
freemsg fancy flirt reply date join uk fastest growing mobile dating service msg rcvd 25p optout txt stop 83021 reply date,1,1
please attend phone,0,0
call tell infront call,0,0
boo time u get u supposed take shopping today,0,0
found diff farm shop buy cheese way back call,0,0
sad story man last week bday wife didnt wish parent forgot n kid went work even colleague wish,0,0
need detail online job,0,0
doesnt make sense take unless free need know wikipediacom,0,0
refused loan secured unsecured cant get credit call free 0800 195 6669 text back help,1,1
message food,0,0
customer place wil cal u sir,0,0
urgent please call 09061743810 landline abta complimentary 4 tenerife holiday 5000 cash await collection sae tc box 326 cw25wx 150 ppm,1,1
reply name address receive post week completely free accommodation various global location wwwphb1com ph08700435505150p,1,0
well im gon na finish bath goodfine night,0,0
dun thk ill quit yet hmmm go jazz yogasana oso go meet em lesson den,0,0
1 new message please call 08715205273,1,1
number sir,0,0
hi customer loyalty offerthe new nokia6650 mobile å£10 txtauction txt word start 81151 get 4tctxt tc 150pmtmsg,1,1
dai downloaded exe file run exe installing,0,0
today sorry day ever angry ever misbehaved hurt plz plz slap urself bcoz ur fault im basically good,0,0
gud mrng dear hav nice day,0,0
see film,0,0
ok wont call disturb one know avoiding burden,0,0
dear 0776xxxxxxx uve invited xchat final attempt contact u txt chat 86688 150pmsgrcvdhgsuite3422landsroww1j6hl ldn 18yrs,1,1
actually im waiting 2 week start putting ad,0,0
per request melle melle oru minnaminunginte nurungu vettam set callertune caller press 9 copy friend callertune,0,0
dunno lei neva say,0,0
wan na laugh try chitchat mobile logon txting word chat send 8883 cm po box 4217 london w1a 6zf 16 118pmsg rcvd,1,1
good night going sleep,0,0
best msg hard person u know one step foward make u fall love amp one step back ruin ur friendship good night,0,0
ok watching tv,0,0
bruce b down amp fletcher,0,0
thanks ill keep mind,0,0
nope watching tv home going v bored,0,0
yes please leave ltgt ltgt leave,0,0
tonight mate catching sleep new number way,0,0
yet id like keep touch easiest way barcelona way ru house,0,0
good hear,0,0
xmas iscoming ur awarded either å£500 cd gift voucher free entry 2 r å£100 weekly draw txt music 87066 tnc wwwldewcom1win150ppmx3age16subscription,1,1
nvm im going wear sport shoe anyway im going late leh,0,0
princess kitty shaved natural,0,0
congratulation ur awarded 500 cd voucher 125gift guaranteed free entry 2 100 wkly draw txt music 87066 tncs wwwldewcom1win150ppmx3age16,1,1
u love someone dont make love u much u love much dont want loved anyone except gud nit,0,0
moji informed saved life thanks,0,0
email alertfrom jeri stewartsize 2kbsubject lowcost prescripiton drvgsto listen email call 123,1,0
marvel mobile play official ultimate spiderman game å£450 ur mobile right text spider 83338 game send u free 8ball wallpaper,1,1
poyyarikaturkolathupalayamunjalur posterode dis ltgt,0,0
telly brdget jones,0,0
yeah jus rite,0,0
work week,0,0
sorry ill call later,0,0
ey calm downon theacusations itxt u co iwana know wotu r doin thewend haventcn u agesring ur up4 nething satlove j xxx,0,0
ìï give time walk,0,0
mystery solved opened email he sent another batch isnt sweetie,0,0
moby pub quizwin å£100 high street prize u know new duchess cornwall txt first name 82277unsub stop å£150 008704050406 sp,1,1
madamregret disturbancemight receive reference check dlf premaricakindly informedrgdsrakheshkerala,0,0
shes fine difficulty phone work mine pls send another friend request,0,0
thanx u darlinim cool thanx bday drink 2 nite 2morrow take care c u soonxxx,0,0
know dad back,0,0
thats v romantic,0,0
dear call,0,0
yes completely formclark also utter waste,0,0
still playing gautham,0,0
wow love sooo much know barely stand wonder day go well love think miss,0,0
urgent mobile number awarded å£2000 bonus caller prize call 09058095201 land line valid 12hrs,1,1
sfine anytime best,0,0
sad story man last week bday wife didnt wish parent forgot n kid went work even colleague wish entered cabin pa said happy bday bos felt special askd 4 lunch lunch invited apartment went said u mind go bedroom minute ok sed sexy mood came 5 minuts latr wid caken wife parent kidz friend n colleague screaming surprise waiting sofa naked,0,0
moon come color dream star make musical sm give warm peaceful sleep good night,0,0
seriously tell exact word right,0,0
ha ha nan yalrigu heltiniiyo kothi chikku u shared many thing wit meso far didnt told body even uttered word abt u ur trusting much tell others plz nxt time dont use word meok chikkub,0,0
k actually guy meet sunoco howard right way,0,0
camera awarded sipix digital camera call 09061221066 fromm landline delivery within 28 day,1,1
watching tv lor nice one like lor,0,0
ok tell half hr b4 u come need 2 prepare,0,0
huh cant thk oredi many page,0,0
sir waiting mail,0,0
much ur hdd casing cost,0,0
think ive fixed send test message,0,0
goldviking 29m inviting friend reply yes762 no762 see wwwsmsacugoldviking stop send stop frnd 62468,1,1
bishan lei tot ì say lavender,0,0
win å£200 shopping spree every week starting 2 play text store 88039 skilgme tscs08714740323 1winawk age16 å£150perweeksub,1,1
double min double txt 12 price linerental latest orange bluetooth mobile call mobileupd8 latest offer 08000839402 call2optoutlf56,1,1
sure night menu know noon menu,0,0
housemaid murderer coz man murdered ltgt th january public holiday govtinstituitions closedincluding post officeunderstand,0,0
oh yeah diet flew window,0,0
kinda first one get twelve aah speak tomo,0,0
call senthil hsbc,0,0
great role model giving much really wish day miracle god reason everything must say wish knew dont ive looked since young still great day,0,0
going sleep tired travel,0,0
ic lol play 9 door sometime yo,0,0
got smaller capacity one quite ex,0,0
hmm many unfortunately pic obviously arent hot cake kinda fun tho,0,0
hope thats result consistently intelligent kind start asking practicum link keep ear open best ttyl,0,0
u sick still go shopping,0,0
dont know jabo abi,0,0
th gower mate r u man good wale ill b back åômorrow c u wk msg 4 åð random,0,0
thats cool ill come like ltgt ish,0,0
give something drink take doesnt vomit temp might drop unmits however let know,0,0
fineabsolutly fine,0,0
honestly ive made lovely cup tea promptly dropped key burnt finger getting,0,0
ceri u rebel sweet dreamz little buddy c ya 2moro need bloke,0,0
reason team budget available last buy unsold player base rate,0,0
dont know thing thats wrong everyso often panicks start goin bout bein good enough û,0,0
good night dear sleepwellamptake care,0,0
supervisor find 4 one lor thk student havent ask yet tell u aft ask,0,0
idc get weaseling way shit twice row,0,0
take small dose tablet fever,0,0
cant think anyone spare room top head,0,0
å£1000 winner guaranteed caller prize final attempt contact claim call 09071517866 150ppmpobox10183bhamb64xe,1,1
home also,0,0
got shitload diamond though,0,0
yes think office lap room think thats last day didnt shut,0,0
thanx4 today cer nice 2 catch ave 2 find time often oh well take care c u soonc,0,0
tmrw im finishing 9 door,0,0
thank generally date brothas,0,0
thats bit weird even supposed happening good idea sure pub,0,0
hui xin da lib,0,0
hey sorry didntgive ya bellearlier hunny,0,0
ltgt thats guess thats easy enough,0,0
whatsup dont u want sleep,0,0
stayin trouble strangersaw dave day heåõs sorted nowstill bloke u gona get girl mrur mum still think get 2getha,0,0
fyi im usf swing room whenever,0,0
private 2003 account statement show 800 unredeemed point call 08715203694 identifier code 40533 expires 311004,1,1
yeah think usual guy still passed last night get ahold anybody let know ill throw,0,0
yo carlos friend already asking working weekend,0,0
good donû÷t need receiptsûówell done û yes please tell whatû÷s number could ring,0,0
send naughty pix,0,0
private 2003 account statement fone show 800 unredeemed point call 08715203656 identifier code 42049 expires 261004,1,1
reach ten morning,0,0
customer service announcement recently tried make delivery unable please call 07090298926 reschedule ref9307622,1,1
noi got rumour going buy apartment chennai,0,0
derek done class,0,0
got lousy sleep kept waking every 2 hour see cat wanted come worry cold,0,0
yo there class tmrw right,0,0
deep sigh miss really surprised havent gone net cafe yet get dont miss,0,0
good afternoon love good see word ym get tm smart move slave smile drink coffee await,0,0
hey sat going intro pilate kickboxing,0,0
goodmorning today late ltdecimalgt min,0,0
hmmmstill dont opener,0,0
xmas offer latest motorola sonyericsson nokia free bluetooth dvd double min 1000 txt orange call mobileupd8 08000839402 call2optout4qf2,1,1
valued customer pleased advise following recent review mob awarded å£1500 bonus prize call 09066364589,1,1
unfortunately ive found pick sister airport evening dont think ill going try go one th,0,0
supposed meet discus abt trip thought xuhui told afternoon thought go lesson,0,0
im okay chasing dream whats good next,0,0
boy loved gal propsd bt didnt mind gv lv lttrs bt frnds threw thm boy decided 2 aproach gal dt time truck speeding towards gal wn 2 hit girld boy ran like hell n saved asked hw cn u run fast boy replied boost secret energy n instantly girl shouted energy n thy lived happily 2gthr drinking boost evrydy moral story hv free msgsd gud ni8,0,0
much would cost hire hitman,0,0
hurt tease make cry end life die plz keep one rose grave say stupid miss u nice day bslvyl,0,0
gosh pain spose better come,0,0
honey sweetheart darling sexy bun sugar plum loverboy miss boytoy smack as go gym,0,0
jordan got voted last nite,0,0
say slowly godi love amp need youclean heart bloodsend ten special people amp u c miracle tomorrow itplspls,0,0
im job profile seems like bpo,0,0
im home ard wat time u reach,0,0
mean get door,0,0
e best 4 ur exam later,0,0
youve tkts euro2004 cup final å£800 cash collect call 09058099801 b4190604 pobox 7876150ppm,1,1
cant make tonight,0,0
get garden ready summer free selection summer bulb seed worth å£3350 scotsman saturday stop go2 notxtcouk,1,1
head dey swell oh thanks making day,0,0
freemsgfav xmas tonesreply real,1,0
love set soul fire spark flame big rawring flame xoxo,0,0
congrats nokia 3650 video camera phone call 09066382422 call cost 150ppm ave call 3mins vary mobile 16 close 300603 post bcm4284 ldn wc1n3xx,1,1
prashanthettans mother passed away last night pray family,0,0
night night see tomorrow,0,0
ok,0,0
end might still vomit okay everything come,0,0
u ask darren go n pick u lor oso sian tmr haf 2 meet lect,0,0
reached home tired come tomorro,0,0
got divorce lol shes,0,0
dont go tell friend youre sure want live smoke much spend hour begging come smoke,0,0
tried contact reply offer video handset 750 anytime network min unlimited text camcorder reply call 08000930705,1,1
ill little closer like bus stop street,0,0
dont make life stressfull always find time laugh may add year life surely add life ur year gud ni8swt dream,0,0
hurry home soup done,0,0
joy father john john joy father u an th hav ltgt iq ti ia question try answer,0,0
see knew giving break time woul lead always wanting miss curfew gon na gibe til one midnight movie gon na get til 2 need come home need getsleep anything need b studdying ear training,0,0
sound better evening im costume im sure time finish tomorrow txt end,0,0
u secret admirer looking 2 make contact ufind rreveal think ur specialcall 09065171142stopsms08,1,1
think could stop like hour roommate looking stock trip,0,0
really good see day dudette missing,0,0
exwife able kid want kid one day,0,0
urgent mobile number awarded å£2000 prize guaranteed call 09058094454 land line claim 3030 valid 12hrs,1,1
oh kafter placement ah,0,0
dont know u u dont know send chat 86688 let find 150pmsg rcvd hgsuite3422landsroww1j6hl ldn 18 year,1,1
thought could go dinner ill treat seem ok,0,0
u say leh course nothing happen lar say v romantic jus bit lor thk e nite scenery nice leh,0,0
ltgt fast approaching wish u happy new year happy sankranti happy republic day happy valentine day happy shivratri happy ugadi happy fool day happy may day happy independence day happy friendshipmotherfatherteacherschildrens day amp happy birthday 4 u happy ganesh festival happy dasara happy diwali happy christmas ltgt good morning afternoon evening night rememberi first wishing u theseyours raj,0,0
latest nokia mobile ipod mp3 player å£400 proze guaranteed reply win 83355 norcorp ltdå£150mtmsgrcvd18,1,1
help u swoop picking u wherever ur bird r meeting u want,0,0
free 1st week no1 nokia tone 4 ur mob every week txt nokia 8007 get txting tell ur mate wwwgetzedcouk pobox 36504 w45wq norm150ptone 16,1,1
jane babe goin 2 wrk feel ill lst nite foned already cover 4 chuck,0,0
congrats 2 mobile 3g videophones r call 09061744553 videochat wid ur mate play java game dload polyh music noline rentl bx420 ip4 5we 150pm,1,1
1000 girl many local 2 u r virgin 2 r ready 2 4fil ur every sexual need u 4fil text cute 69911å£150p,1,1
sir thats 8hr trip bus last week another audition next wednesday think might drive time,0,0
goodnight sleep well da please take care pa please,0,0
ok problem yup im going sch 4 rem correctly,0,0
specialisation work slave labor look month sha co shakara 4 beggar,0,0
cancel cheyyamoand get money back,0,0
im nt goin got somethin unless meetin 4 dinner lor haha wonder go ti time,0,0
congratulation thanks good friend u å£2000 xmas prize 2 claim easy call 08712103738 10p per minute btnationalrate,1,1
lol oops sorry fun,0,0
datoday also forgot,0,0
today vodafone number ending 4882 selected receive å£350 award number match call 09064019014 receive å£350 award,1,1
u turn heater heater set ltgt degree,0,0
battery mr adewale uncle aka egbon,0,0
well like actually called someone punto woulda worse,0,0
youd like wouldnt jerk,0,0
best line said love wait till day forget u day u realize u forget gn,0,0
ever one foot,0,0
uncle atlanta wish guy great semester,0,0
luv u soo much u donåõt understand special u r 2 ring u 2morrow luv u xxx,0,0
arr birthday today wish get oscar,0,0
ìï thk wat eat tonight,0,0
dunno lei like dun haf,0,0
babe im back come back,0,0
hmmmhow many player selected,0,0
felt sonot conveying reason ese,0,0
sir need velusamy sir date birth company bank facility detail,0,0
thank meet monday,0,0
mobile club choose top quality item mobile 7cfca1a,1,0
sorry ill call later,0,0
wont touch permission,0,0
wot u wan na missy,0,0
office around 4 pm going hospital,0,0
taxt massagetiepos argh ok lool,0,0
great run ttyl,0,0
kall bestcongrats,0,0
okie,0,0
height confidence aeronautics professor wer calld amp wer askd 2 sit aeroplane aftr sat wer told dat plane w made student dey hurried plane bt 1 didnt move saidif made student,0,0
spjanuary male sale hot gay chat cheaper call 08709222922 national rate 15pmin cheap 78pmin peak stop text call 08712460324 10pmin,1,1
sea lay rock rock envelope envelope paper paper 3 word,0,0
honey boo im missing u,0,0
boy made fun today ok problem sent one message fun,0,0
ringtone club get uk single chart mobile week choose top quality ringtone message free charge,1,1
u 2,0,0
fighting world easy u either win lose bt fightng some1 close u dificult u lose u lose u win u still lose,0,0
solve case man found murdered ltdecimalgt ltgt afternoon 1his wife called police 2police questioned everyone 3wife siri sleeping murder took place 4cook cooking 5gardener picking vegetable 6housemaid went 2 post office 7children went 2 play 8neighbour went 2 marriage police arrested murderer immediately who reply reason u r brilliant,0,0
ah see lingo let know wot earth finished making,0,0
oh gei happend tron maybe ill dl 3d,0,0
ok stay night xavier sleeping bag im getting tired,0,0
u secret admirer looking 2 make contact ufind rreveal think ur specialcall 09058094565,1,1
gobi art college,0,0
ìï go home liao ask dad pick 6,0,0
december mobile 11mths entitled update latest colour camera mobile free call mobile update co free 08002986906,1,1
ok lor anyway thk cant get ticket co like quite late already u wan 2 go look 4 ur frens darren wif,0,0
somebody set website play hold em using eve online spacebucks,0,0
ok come ur home half hour,0,0
bit ur smile hppnss drop ur tear sorrow part ur heart life heart like mine wil care u forevr goodfriend,0,0
ok im sure time finish tomorrow wan na spend evening co would vewy vewy lubly love xxx,0,0
ìï come lt 25 n pas lar,0,0
want cock hubby away need real man 2 satisfy txt wife 89938 string action txt stop 2 end txt rec å£150ea otbox 731 la1 7ws,1,1
tmobile customer may claim free camera phone upgrade pay go sim card loyalty call 0845 021 3680offer end 28thfebtcs apply,1,1
dont quite know still cant get hold anyone cud pick bout 730pm see theyre pub,0,0
orh tot u say still dun believe,0,0
ask say please message,0,0
want 750 anytime network min 150 text new video phone five pound per week call 08002888812 reply delivery tomorrow,1,1
msg mobile content order resent previous attempt failed due network error query customersqueriesnetvisionukcom,1,1
pls pls send mail know relative coming deliver know cost risk benefit anything else thanks,0,0
ujhhhhhhh computer shipped address sandiago parantella lane wtf poop,0,0
u switch fone dammit,0,0
ill get 3 unless guy want come time sooner,0,0
xclusiveclubsaisai 2morow 285 soiree speciale zouk nichols parisfree rose 2 lady info 0794674629107880867867,1,0
mark work tomorrow get 5 work house meet u afterwards,0,0
hello handsome finding job lazy working towards getting back net mummy wheres boytoy miss,0,0
free msg single find partner area 1000 real people waiting chat nowsend chat 62220cncl send stopcs 08717890890å£150 per msg,1,1
change window logoff sound,0,0
cant believe said many thing morning really wanted say good morning love beautiful morning see library later,0,0
going dinnermsg,0,0
sorry delay yes master,0,0
aiyar sorry lor forgot 2 tell u,0,0
tell theyre female v howre throwing deciding get,0,0
pick rayan macleran,0,0
im thinking chennai forgot come auction,0,1
hello love get interview today happy good boy think meare missing,0,0
first time everything,0,0
ok bag,0,0
early bird purchase yet,0,0
download many ringtones u like restriction 1000 2 choose u even send 2 yr buddy txt sir 80082 å£3,1,1
mon okie lor haha best cheap n gd food la ex oso okie depends whether wana eat western chinese food den u prefer,0,0
romcapspam everyone around responding well presence since warm outgoing bringing real breath sunshine,1,0
kkwhy cant come search job,0,0
free 1st week entry 2 textpod 4 chance 2 win 40gb ipod å£250 cash every wk txt vpod 81303 tscs wwwtextpodnet custcare 08712405020,1,1
dun believe u thk u told,0,0
yes appt,0,0
jason say cool pick place like hour,0,0
ok anybody asks abt u tel themp,0,0
like cheap iû÷m happy splash wine make feel better,0,0
dunno leh cant remember mayb lor wat time r meeting tmr,0,0
said okay sorry,0,0
didnt hear,0,0
realize 40 year well thousand old lady running around tattoo,1,0
honeybee said im sweetest world god laughed amp said waitu havnt met person reading msg moral even god crack joke gmgngegn,0,0
ill let know kick,0,0
yes completely formclark also utter waste,0,0
k im ready ltgt,0,0
he really skateboarding despite fact get thrown wind bandage shit arm every five minute,0,0
buying today ìï need c meh,0,0
fwiw reason im around time smoke gas afford around someone tell apparently happens somebody want light,0,0
lmao take pic send,0,0
wat time u finish ur lect today,0,0
cab availablethey pick drop door step,0,0
stopped get ice cream go back,0,0
tomorrow going theatre come wherever u call tell come tomorrow,0,0
howz person story,0,0
message great doctor india 1 drink appy fizz contains cancer causing age,0,0
ride equally uneventful many pesky cyclist around time night,0,0
sing hu think also important find someone female know place well preferably citizen also smart help navigate even thing like choosing phone plan require guidance doubt ask especially girl,0,0
never blame day ur life good day give u happiness bad day give u experience essential life god blessing good morning,0,0
good afternon love today hope good maybe interview wake miss babe passionate kiss across sea,0,0
apps class varaya elaya,0,0
need coz never go,0,0
want new video phone750 anytime network min 150 text five pound per week call 08000776320 reply delivery tomorrow,1,1
text way cup stop work bus,0,0
know need get hotel got invitation apologise cali sweet come english bloke weddin,0,0
urgent 1 week free membership å£100000 prize jackpot txt word claim 81010 tc wwwdbuknet lccltd pobox 4403ldnw1a7rw18,1,1
yup thk cine better co need 2 go 2 plaza mah,0,0
work right,0,0
said u mind go bedroom minute ok sed sexy mood came 5 minuts latr wid caken wife,0,0
life spend someone lifetime may meaningless moment spent someone really love mean life,0,0
get official england poly ringtone colour flag yer mobile tonight game text tone flag 84199 optout txt eng stop box39822 w111wx å£150,1,1
want snow freezing windy,0,0
oh ok,0,0
im bus love,0,0
exhausted train morning much wine pie sleep well,0,0
didnt search online let know,0,0
ok least armands still around,0,0
love cuddle want hold strong arm right,0,0
always celebrate ny family,0,0
call ure done,0,0
sorryin meeting ill call later,0,0
im guy browsin compulsory,0,0
mm umma ask vava also come tell play later together,0,0
yes thats u texted pshewmissing much,0,0
love working home,0,0
k ill call im close,0,0
wish great semester,0,0
one best dialogue cute reltnship wen die,0,0
much fight good nite,0,0
road cant txt,0,0
need person give na,0,0
yes see ya dot,0,0
let know need anything else salad desert something many beer shall get,0,0
hey really pretty late want go lesson first join im reaching tp mrt,0,0
back bit long co accident a30 divert via wadebridgei brilliant weekend thanks speak soon lot love,0,0
day ì say ì cut ur hair paragon called hair sense ì noe much hair cut,0,0
come online today night,0,0
olol printed forum post guy exact prob fixed gpu replacement hopefully dont ignore,0,0
dont run away frm u walk slowly amp kill u dont care enough stop,0,0
u secret admirer looking 2 make contact ufind rreveal think ur specialcall 09058094599,1,1
world famamus,0,0
hmm shall bring bottle wine keep u amused joking ill still bring bottle red white see tomorrow,0,0
night sweet sleep well ive see exorcism emily rose may never sleep hug snogs,0,0
yeshe really greatbhaji told kallis best cricketer sachin worldvery tough get,0,0
update face book status frequently,0,0
making dinner,0,0
im da intro cover energy trend n pro n con brief description nuclear fusion n oso brief history iter n jet got abt 7 n half page,0,0
hey gorgeous man work mobile number good one babe squishy mwahs,0,0
stop club tone replying stop mix see mytonecomenjoy html term club tone cost gbp450week mfl,1,1
havent forgotten might couple buck send tomorrow k love ya,0,0
wake since checked stuff saw true available space pls call embassy send mail,0,0
coughing nothing,0,0
awesome minute,0,0
double min txts orange 12 price linerental motorola sonyericsson btooth freenokia free call mobileupd8 08000839402 or2optouthv9d,1,1
hi elaine today meeting confirmed,0,0
thats way stay oh,0,0
sorry dude dont know forgot even dan reminded sorry hope guy fun,0,0
ok lor sony ericsson salesman ask shuhui say quite gd 2 use considering,0,0
k come nordstrom youre done,0,0
k u bored come home,0,0
come room come house co house still messy haha,0,0
oops ltgt,0,0
nohe joined today,0,0
freemsg hey u got 1 videopic fones reply wild txt ill send u pic hurry im bored work xxx 18 150prcvd stop2stop,1,1
hey pay salary de ltgt,0,0
turn friend staying whole show wont back til ltgt feel free go ahead smoke ltgt worth,0,0
big difference ltgt versus ltgt every ltgt hr,0,0
let know contact ive settled room let know ok,0,0
right wasnt phoned someone number like,0,0
pls send company name saibaba colany,0,0
leave wif lar ìï wan carry meh heavy da num 98321561 familiar ì,0,0
im home doc gave pain med say everything fine,0,0
youre sure im trying make xavier smoke dont want smoke told smoke much,0,0
still chance search hard get itlet try,0,0
yeah probably swing roommate finish girl,0,0
adult 18 content video shortly,1,1
1 thing change sentence want 2 concentrate educational career im leaving,0,0
tried contact reply offer video phone 750 anytime network min half price line rental camcorder reply call 08000930705,1,1
come home one last time wont anything trust,0,0
time coming,0,0
let ur heart ur compass ur mind ur map ur soul ur guide u never loose worldgnun sent via way2smscom,0,0
nvm ok,0,0
kkhow sister kid,0,0
funeral home audrey dad,0,0
hellodrivby0quit edrunk sorry iff pthis make senrddnot dancce 2 drum n basqihave fun 2nhite x ro xxxxxxx,0,0
plan,0,0
ugh leg hurt musta overdid mon,0,0
performance award calculated every two monthnot current one month period,0,0
uncle g checking rewarding month,0,0
edison rightly said fool ask question wise man answer know u speechless viva gm,0,0
exactly anyways far jide study visiting,0,0
ur cashbalance currently 500 pound maximize ur cashin send cash 86688 150pmsg cc 08708800282 hgsuite3422lands roww1j6hl,1,1
good good job like entrepreneur,0,0
meet lunch la,0,0
gwr,0,0
ya one slow poo,0,0
work going min,0,0
oh yes like torture watching england,0,0
swt thought nver get tired little thing 4 lovable person cozsomtimes little thing occupy biggest part heart gud ni8,0,0
call ok said call,0,0
probably want pick,0,0
im sure checking happening around area,0,0
say slowly godi love amp need youclean heart bloodsend ten special people amp u c miracle tomorrow itplspls,0,0
ssindia going draw series many year south african soil,0,0
nah im goin 2 wrks j wot bout u,0,0
mind blastin tsunami occur rajnikant stopped swimming indian oceand,0,0
brother transfered ltgt ltgt pa,0,0
hungry gay guy feeling hungry 4 call 08718730555 10pmin stop text call 08712460324 10pmin,1,1
hope youve settled new school year wishin gr8 day,0,0
night worrying appt shame missed girl night quiz popcorn hair,0,0
wont move morphine,0,0
yetunde im sorry moji seem busy able go shopping please find way get wanted u get please forgive reply free via yahoo messenger,0,1
ok prob,0,0
ta job available let know please co really need start working,0,0
anyway seriously hit youre back otherwise light armand always shit andor vomiting,0,0
im leaving house,0,0
roger weû÷re probably going rem 20,0,0
ugh dont wan na get bed warm,0,0
sir good morning hope good weekend called let know able raise ltgt dad however said would make rest available mid feb amount still quite short hoping would help good day abiola,0,0
im sorry bout last nite wasnåõt ur fault spouse pmt sumthin u 4give think u shldxxxx,0,0
urgent mobile å£2000 bonus caller prize 020603 2nd attempt reach call 09066362220 asap box97n7qp 150ppm,1,1
better still catch let ask sell ltgt,0,0
table occupied im waiting tree,0,0
planning usually stop find hella weed,0,0
gumbys special ltgt cheese pizza 2 know doin tonight,0,0
stomach thru much trauma swear cant eat better lose weight,0,0
hospital da return home evening,0,0
hey want anything buy,0,0
yes baby need stretch open pussy,0,0
jay getting really impatient belligerent,0,0
hot live fantasy call 08707509020 20p per min ntt ltd po box 1327 croydon cr9 5wb 0870k,1,1
send resume,0,0
howz person story,0,0
actually mobile full msg work online need send ltgt sent msg wil explain u later,0,0
arun u transfr amt,0,0
haha im dinner cousin,0,0
super dagood replacement murali,0,0
idea,0,0
chill another 6hrs could sleep pain surgical emergency see unfolds okay,0,0
remember hurt day satanic imposter meneed pay priceso itmay destiny keep going u said pray get mind get,0,0
short cute good person,0,0
imagine finally get sink bath put pace maybe even eat left also imagine feel cage cock surrounded bath water reminding always owns enjoy cuck,0,0
eh u send wrongly lar,0,0
ha u jus ate honey ar sweet,0,0
ummmmmaah many many happy return day dear sweet heart happy birthday dear,0,0
chile please ltdecimalgt hour drive come time subletting febapril audition season,0,0
people see msg think iam addicted msging wrong bcoz dont know iam addicted sweet friend bslvyl,0,0
hello thanx taking call got job start monday,0,0
called said himthen choose future,0,0
pls accept one day begging change number,0,0
eh ur laptop got stock lei say mon muz come take look c got,0,0
yo call get chance friend mine wanted ask big order,0,0
let know detail fri u find co im tom fri mentionned chinese thanks,0,0
reverse cheating mathematics,0,0
still game,0,1
goodmorning today late 2hrs back pain,0,0
somewhere fredericksburg,0,0
freemsg awarded free mini digital camera reply snap collect prize quizclub opt stop 80122300pwk sprwm ph08704050406,1,1
sorry im stil fucked last nite went tobed 430 got 4 work 630,0,0
watch lor saw swatch one thk quite ok ard 116 need 2nd opinion leh,0,0
stalking u,0,0
hey really horny want chat see naked text hot 69698 text charged 150pm unsubscribe text stop 69698,1,1
get opinion something first,0,0
dont much image class,0,0
rct thnq adrian u text rgds vatian,1,0
two letter copy co one message speak soon,0,0
oh ok wats ur email,0,0
year many mile,0,0
free entry 2 wkly comp win fa cup final tkts 21st may 2005 text fa 87121 receive entry questionstd txt ratetcs apply 08452810075over18s,1,1
cant right second got ta hit people first,0,0
well thats nice bad cant eat,0,0
laptop take,0,0
double min txts 4 6months free bluetooth orange available sony nokia motorola phone call mobileupd8 08000839402 call2optoutn9dx,1,1
problem renewal ill right away dont know detail,0,0
im glad following dream,0,0
nokia phone lovly,0,0
gentle princess make sweet gentle love,0,0
uncle boye need movie oh guide plus know torrent particularly legal system slowing gr8 day plus started co dont meet online honey moon,0,0
u buy newspaper already,0,0
belive come home,0,0
he gon na worry nothing wont give money use,0,0
good thing im getting connection bw,0,0
wana plan trip sometme,0,0
u gd lor go shopping got stuff u wan 2 watch infernal affair come lar,0,0
purity friendship two smiling reading forwarded messageits smiling seeing name gud evng,0,0
oops 4 got bit,0,0
even brother like speak treat like aid patent,0,0
beautiful truth expression face could seen everyone depression heart could understood loved one gud ni8,0,0
lmaonice 1,0,0
wat make people dearer de happiness dat u feel u meet de pain u feel u miss dem,0,0
plan pongal,0,0
hey babe friend cancel still visit,0,0
thank u,0,0
take something pain move however side next 6hrs see doctor,0,0
win year supply cd 4 store ur choice worth å£500 enter å£100 weekly draw txt music 87066 tscs wwwldewcomsubs161win150ppmx3,1,1
yup leaving right back soon,0,0
aaooooright work,0,0
shall come get pickle,0,0
hi ya babe x u 4goten bout scammer getting smartthough regular vodafone respond get prem rate msgsubscription no used also beware,1,0
great hope like man well endowed ltgt inch,0,0
sorry ill call later,0,0
wnt buy bmw car urgentlyits vry urgentbut hv shortage ltgt lacsthere source arng dis amt ltgt lacsthats prob,0,0
4mths half price orange line rental latest camera phone 4 free phone 11mths call mobilesdirect free 08000938767 update or2stoptxt,1,1
ill b soon,0,0
alrite,0,0
velly good yes please,0,0
started searching get job dayshe great potential talent,0,0
never blame day ur life good day give u happiness bad day give u experience essential life god blessing good morning,0,0
pathaya enketa maraikara pa,0,0
hey ive booked pilate yoga lesson already haha,0,0
thanks vote sing along star karaoke mobile free link reply sing,1,0
every day use sleep ltgt,0,0
yay better told 5 girl either,0,0
lol nah wasnt bad thanks good b home quite reality check hows ur day u anything website,0,0
sent price mean ltgt g,0,0
december mobile 11mths entitled update latest colour camera mobile free call mobile update co free 08002986906,1,1
im awake oh whats,0,0
thats shame maybe cld meet hr tomo,0,0
123 congratulation week competition draw u å£1450 prize claim call 09050002311 b4280703 tcsstop sm 08718727868 18 150ppm,1,1
cant pick phone right pls send message,0,0
sorry meeting ill call later,0,0
mu try figure much money everyone gas alcohol jay trying figure weed budget,0,0
urgent trying contact u today draw show å£800 prize guaranteed call 09050003091 land line claim c52 valid 12hrs,1,1
water logging desert geoenvironmental implication,0,0
joy father john john joy father u an th hav ltgt iq ti ia question try answer,0,0
haiyoh maybe hamster jealous million,0,0
oh unintentionally bad timing great finger train play along give fifteen min warning,0,0
ì wait 4 bus stop aft ur lect lar dun c ì go get car come back n pick ì,0,0
umma say anything,0,0
u doin baby girl hope u okay every time call ure phone miss u get touch,0,0
send number give reply tomorrow morning said like ok,0,0
well told others youd marry,0,0
please protect ethreats sib never asks sensitive information like passwordsatmsms pin thru email never share password anybody,0,0
guess pub im im happy pig clover whatever saying,0,0
let math good,0,0
doesnt g class early tomorrow thus shouldnt trying smoke ltgt,0,0
babe hope ok shit night sleep fell asleep 5iåõm knackered iåõm dreading work tonight thou upto tonight x,0,0
reply win å£100 weekly professional sport tiger wood play send stop 87239 end service,1,1
gent trying contact last weekend draw show å£1000 prize guaranteed call 09064012160 claim code k52 valid 12hrs 150ppm,1,1
stop story ive told ive returned he saying order,0,0
sent jd customer service cum account executive ur mail id detail contact u,0,0
read shame tell take run blame u 4 ever really 4 ever long time,0,0
well meant opposed drunken night,0,0
supposed couldnt make shes still town though,0,0
